id,event_type,tags,audio_file,gt_file,duration_sec,gt_char_count,gt_speaker_lines,audio_size_kb,audio_format,has_gt,notes
001,daily,daily,experiments/golden_dataset/audio/001_daily_UltraLog060_20260321_154438.wav,experiments/golden_dataset/ground_truth/001_daily_UltraLog060_20260321_154438.txt,16.29,27,1,64.6,wav,Y,
002,daily,daily,experiments/golden_dataset/audio/002_daily_UltraLog060_20260321_154456.wav,experiments/golden_dataset/ground_truth/002_daily_UltraLog060_20260321_154456.txt,13.13,19,1,52.1,wav,Y,
003,track,track,experiments/golden_dataset/audio/003_track_UltraLog060_20260321_154513.wav,experiments/golden_dataset/ground_truth/003_track_UltraLog060_20260321_154513.txt,18.12,24,1,71.8,wav,Y,
004,track,track,experiments/golden_dataset/audio/004_track_UltraLog060_20260321_154613.wav,experiments/golden_dataset/ground_truth/004_track_UltraLog060_20260321_154613.txt,40.15,115,7,159.1,wav,Y,
005,daily,daily,experiments/golden_dataset/audio/005_daily_UltraLog060_20260321_154657.wav,experiments/golden_dataset/ground_truth/005_daily_UltraLog060_20260321_154657.txt,20.33,42,1,80.6,wav,Y,
006,door,door,experiments/golden_dataset/audio/006_door_UltraLog060_20260321_154928.wav,experiments/golden_dataset/ground_truth/006_door_UltraLog060_20260321_154928.txt,17.55,35,1,69.6,wav,Y,
007,daily,daily,experiments/golden_dataset/audio/007_daily_UltraLog060_20260321_155302.wav,experiments/golden_dataset/ground_truth/007_daily_UltraLog060_20260321_155302.txt,12.88,20,1,51.1,wav,Y,[⚠️ unknown event_type] [⚠️ unknown event_type] [⚠️ unknown event_type] [⚠️ unknown event_type] [⚠️ unknown event_type]
008,track,track,experiments/golden_dataset/audio/008_track_UltraLog060_20260321_155711.wav,experiments/golden_dataset/ground_truth/008_track_UltraLog060_20260321_155711.txt,20.52,66,2,81.3,wav,Y,
009,daily,daily,experiments/golden_dataset/audio/009_daily_UltraLog060_20260321_155903.wav,experiments/golden_dataset/ground_truth/009_daily_UltraLog060_20260321_155903.txt,13.76,28,1,54.6,wav,Y,
010,control,control,experiments/golden_dataset/audio/010_control_UltraLog060_20260321_155930.wav,experiments/golden_dataset/ground_truth/010_control_UltraLog060_20260321_155930.txt,36.99,126,5,146.6,wav,Y,
011,control,control,experiments/golden_dataset/audio/011_control_UltraLog060_20260321_160115.wav,experiments/golden_dataset/ground_truth/011_control_UltraLog060_20260321_160115.txt,41.16,116,3,163.1,wav,Y,
012,emergency,emergency,experiments/golden_dataset/audio/012_emergency_UltraLog060_20260321_160216.wav,experiments/golden_dataset/ground_truth/012_emergency_UltraLog060_20260321_160216.txt,44.5,146,5,176.3,wav,Y,
013,track,track,experiments/golden_dataset/audio/013_track_UltraLog060_20260321_160523.wav,experiments/golden_dataset/ground_truth/013_track_UltraLog060_20260321_160523.txt,24.93,84,1,98.8,wav,Y,
014,track,track,experiments/golden_dataset/audio/014_track_UltraLog060_20260321_160625.wav,experiments/golden_dataset/ground_truth/014_track_UltraLog060_20260321_160625.txt,32.38,89,4,128.3,wav,Y,
015,daily,daily,experiments/golden_dataset/audio/015_daily_UltraLog060_20260321_160823.wav,experiments/golden_dataset/ground_truth/015_daily_UltraLog060_20260321_160823.txt,14.58,38,1,57.8,wav,Y,
016,daily,daily,experiments/golden_dataset/audio/016_daily_UltraLog060_20260321_160844.wav,experiments/golden_dataset/ground_truth/016_daily_UltraLog060_20260321_160844.txt,14.39,38,1,57.1,wav,Y,
017,daily,daily,experiments/golden_dataset/audio/017_daily_UltraLog060_20260321_160946.wav,experiments/golden_dataset/ground_truth/017_daily_UltraLog060_20260321_160946.txt,22.91,74,2,90.8,wav,Y,
018,daily,daily,experiments/golden_dataset/audio/018_daily_UltraLog060_20260321_161315.wav,experiments/golden_dataset/ground_truth/018_daily_UltraLog060_20260321_161315.txt,24.37,84,3,96.6,wav,Y,
019,daily,daily,experiments/golden_dataset/audio/019_daily_UltraLog060_20260321_161355.wav,experiments/golden_dataset/ground_truth/019_daily_UltraLog060_20260321_161355.txt,27.77,70,4,110.1,wav,Y,
020,daily,daily,experiments/golden_dataset/audio/020_daily_UltraLog060_20260321_161434.wav,experiments/golden_dataset/ground_truth/020_daily_UltraLog060_20260321_161434.txt,12.56,16,1,49.8,wav,Y,
021,control,control,experiments/golden_dataset/audio/021_control_UltraLog060_20260321_161519.wav,experiments/golden_dataset/ground_truth/021_control_UltraLog060_20260321_161519.txt,41.22,130,6,163.3,wav,Y,
022,control,control,experiments/golden_dataset/audio/022_control_UltraLog060_20260321_161624.wav,experiments/golden_dataset/ground_truth/022_control_UltraLog060_20260321_161624.txt,65.27,222,6,258.6,wav,Y,
023,control,control,experiments/golden_dataset/audio/023_control_UltraLog060_20260321_161737.wav,experiments/golden_dataset/ground_truth/023_control_UltraLog060_20260321_161737.txt,49.87,125,5,197.6,wav,Y,
024,daily,daily,experiments/golden_dataset/audio/024_daily_UltraLog060_20260321_161845.wav,experiments/golden_dataset/ground_truth/024_daily_UltraLog060_20260321_161845.txt,17.61,40,2,69.8,wav,Y,
025,daily,daily,experiments/golden_dataset/audio/025_daily_UltraLog060_20260321_162057.wav,experiments/golden_dataset/ground_truth/025_daily_UltraLog060_20260321_162057.txt,16.41,32,2,65.1,wav,Y,
026,daily,daily,experiments/golden_dataset/audio/026_daily_UltraLog060_20260321_162335.wav,experiments/golden_dataset/ground_truth/026_daily_UltraLog060_20260321_162335.txt,17.42,42,2,69.1,wav,Y,
027,control,control,experiments/golden_dataset/audio/027_control_UltraLog060_20260321_162356.wav,experiments/golden_dataset/ground_truth/027_control_UltraLog060_20260321_162356.txt,45.32,98,2,179.6,wav,Y,
028,control,control,experiments/golden_dataset/audio/028_control_UltraLog060_20260321_162441.wav,experiments/golden_dataset/ground_truth/028_control_UltraLog060_20260321_162441.txt,31.31,65,4,124.1,wav,Y,
029,control,control,experiments/golden_dataset/audio/029_control_UltraLog060_20260321_162528.wav,experiments/golden_dataset/ground_truth/029_control_UltraLog060_20260321_162528.txt,137.11,473,19,543.1,wav,Y,
030,control,control,experiments/golden_dataset/audio/030_control_UltraLog060_20260321_162750.wav,experiments/golden_dataset/ground_truth/030_control_UltraLog060_20260321_162750.txt,97.72,245,12,387.1,wav,Y,
031,daily,daily,experiments/golden_dataset/audio/031_daily_UltraLog060_20260321_163005.wav,experiments/golden_dataset/ground_truth/031_daily_UltraLog060_20260321_163005.txt,17.86,34,2,70.8,wav,Y,
032,control,control,experiments/golden_dataset/audio/032_control_UltraLog060_20260321_163035.wav,experiments/golden_dataset/ground_truth/032_control_UltraLog060_20260321_163035.txt,47.79,158,6,189.3,wav,Y,
033,control,control,experiments/golden_dataset/audio/033_control_UltraLog060_20260321_163124.wav,experiments/golden_dataset/ground_truth/033_control_UltraLog060_20260321_163124.txt,172.77,580,29,684.3,wav,Y,
034,door,door,experiments/golden_dataset/audio/034_door_UltraLog060_20260321_163420.wav,experiments/golden_dataset/ground_truth/034_door_UltraLog060_20260321_163420.txt,77.33,186,11,306.3,wav,Y,
035,control,control,experiments/golden_dataset/audio/035_control_UltraLog060_20260321_163553.wav,experiments/golden_dataset/ground_truth/035_control_UltraLog060_20260321_163553.txt,77.08,265,11,305.3,wav,Y,
036,track,track,experiments/golden_dataset/audio/036_track_UltraLog060_20260321_163737.wav,experiments/golden_dataset/ground_truth/036_track_UltraLog060_20260321_163737.txt,18.87,43,2,74.8,wav,Y,
037,control,control,experiments/golden_dataset/audio/037_control_UltraLog060_20260321_163759.wav,experiments/golden_dataset/ground_truth/037_control_UltraLog060_20260321_163759.txt,112.17,396,16,444.3,wav,Y,
038,door,door,experiments/golden_dataset/audio/038_door_UltraLog060_20260321_164000.wav,experiments/golden_dataset/ground_truth/038_door_UltraLog060_20260321_164000.txt,83.96,282,13,332.6,wav,Y,
039,control,control,experiments/golden_dataset/audio/039_control_UltraLog060_20260321_164141.wav,experiments/golden_dataset/ground_truth/039_control_UltraLog060_20260321_164141.txt,40.21,123,6,159.3,wav,Y,
040,control,control,experiments/golden_dataset/audio/040_control_UltraLog060_20260321_164233.wav,experiments/golden_dataset/ground_truth/040_control_UltraLog060_20260321_164233.txt,67.86,219,8,268.8,wav,Y,
041,control,control,experiments/golden_dataset/audio/041_control_UltraLog060_20260321_164400.wav,experiments/golden_dataset/ground_truth/041_control_UltraLog060_20260321_164400.txt,24.3,67,3,96.3,wav,Y,
042,control,control,experiments/golden_dataset/audio/042_control_UltraLog060_20260321_164604.wav,experiments/golden_dataset/ground_truth/042_control_UltraLog060_20260321_164604.txt,90.39,300,12,358.1,wav,Y,
043,daily,daily,experiments/golden_dataset/audio/043_daily_UltraLog060_20260321_164736.wav,experiments/golden_dataset/ground_truth/043_daily_UltraLog060_20260321_164736.txt,24.56,68,3,97.3,wav,Y,
044,control,control,experiments/golden_dataset/audio/044_control_UltraLog060_20260321_164802.wav,experiments/golden_dataset/ground_truth/044_control_UltraLog060_20260321_164802.txt,68.87,210,9,272.8,wav,Y,
045,door,door,experiments/golden_dataset/audio/045_door_UltraLog060_20260321_164941.wav,experiments/golden_dataset/ground_truth/045_door_UltraLog060_20260321_164941.txt,138.81,508,25,549.8,wav,Y,
046,control,control,experiments/golden_dataset/audio/046_control_UltraLog060_20260321_165221.wav,experiments/golden_dataset/ground_truth/046_control_UltraLog060_20260321_165221.txt,15.91,34,2,63.1,wav,Y,
047,control,control,experiments/golden_dataset/audio/047_control_UltraLog060_20260321_165237.wav,experiments/golden_dataset/ground_truth/047_control_UltraLog060_20260321_165237.txt,128.96,477,19,510.8,wav,Y,
048,daily,daily,experiments/golden_dataset/audio/048_daily_UltraLog060_20260321_165453.wav,experiments/golden_dataset/ground_truth/048_daily_UltraLog060_20260321_165453.txt,18.05,50,1,71.6,wav,Y,
049,daily,daily,experiments/golden_dataset/audio/049_daily_UltraLog060_20260321_165541.wav,experiments/golden_dataset/ground_truth/049_daily_UltraLog060_20260321_165541.txt,52.96,127,5,209.8,wav,Y,
050,control,control,experiments/golden_dataset/audio/050_control_UltraLog060_20260321_165654.wav,experiments/golden_dataset/ground_truth/050_control_UltraLog060_20260321_165654.txt,77.39,238,9,306.6,wav,Y,
051,daily,daily,experiments/golden_dataset/audio/051_daily_UltraLog060_20260321_165823.wav,experiments/golden_dataset/ground_truth/051_daily_UltraLog060_20260321_165823.txt,18.18,36,2,72.1,wav,Y,
052,daily,daily,experiments/golden_dataset/audio/052_daily_UltraLog060_20260321_165913.wav,experiments/golden_dataset/ground_truth/052_daily_UltraLog060_20260321_165913.txt,43.87,161,7,173.8,wav,Y,
053,daily,daily,experiments/golden_dataset/audio/053_daily_UltraLog060_20260321_170130.wav,experiments/golden_dataset/ground_truth/053_daily_UltraLog060_20260321_170130.txt,29.54,95,3,117.1,wav,Y,
054,control,control,experiments/golden_dataset/audio/054_control_UltraLog060_20260321_170204.wav,experiments/golden_dataset/ground_truth/054_control_UltraLog060_20260321_170204.txt,59.97,219,7,237.6,wav,Y,
055,daily,daily,experiments/golden_dataset/audio/055_daily_UltraLog060_20260321_170456.wav,experiments/golden_dataset/ground_truth/055_daily_UltraLog060_20260321_170456.txt,20.64,50,2,81.8,wav,Y,
056,daily,daily,experiments/golden_dataset/audio/056_daily_UltraLog060_20260321_170524.wav,experiments/golden_dataset/ground_truth/056_daily_UltraLog060_20260321_170524.txt,23.8,72,4,94.3,wav,Y,
057,daily,daily,experiments/golden_dataset/audio/057_daily_UltraLog060_20260321_170550.wav,experiments/golden_dataset/ground_truth/057_daily_UltraLog060_20260321_170550.txt,26.39,89,4,104.6,wav,Y,
058,daily,daily,experiments/golden_dataset/audio/058_daily_UltraLog060_20260321_170719.wav,experiments/golden_dataset/ground_truth/058_daily_UltraLog060_20260321_170719.txt,15.72,28,2,62.3,wav,Y,
059,daily,daily,experiments/golden_dataset/audio/059_daily_UltraLog060_20260321_170738.wav,experiments/golden_dataset/ground_truth/059_daily_UltraLog060_20260321_170738.txt,45.77,186,7,181.3,wav,Y,
061,daily,daily,experiments/golden_dataset/audio/061_daily_UltraLog060_20260321_170957.wav,experiments/golden_dataset/ground_truth/061_daily_UltraLog060_20260321_170957.txt,23.23,63,2,92.1,wav,Y,
062,daily,daily,experiments/golden_dataset/audio/062_daily_UltraLog060_20260321_171023.wav,experiments/golden_dataset/ground_truth/062_daily_UltraLog060_20260321_171023.txt,28.53,65,3,113.1,wav,Y,
063,daily,daily,experiments/golden_dataset/audio/063_daily_UltraLog060_20260321_171101.wav,experiments/golden_dataset/ground_truth/063_daily_UltraLog060_20260321_171101.txt,42.1,65,3,166.8,wav,Y,
251209_水安宮旅客昏倒_185032_UltraLog063,emergency,emergency,experiments/golden_dataset/audio/251209_水安宮旅客昏倒_185032_UltraLog063.wav,experiments/golden_dataset/ground_truth/251209_水安宮旅客昏倒_185032_UltraLog063.txt,89.95,202,0,356.3,wav,Y,
251209_水安宮旅客昏倒_185322_UltraLog063,emergency,emergency,experiments/golden_dataset/audio/251209_水安宮旅客昏倒_185322_UltraLog063.wav,experiments/golden_dataset/ground_truth/251209_水安宮旅客昏倒_185322_UltraLog063.txt,57.76,136,0,228.8,wav,Y,
251209_水安宮旅客昏倒_185509_UltraLog063,emergency,emergency,experiments/golden_dataset/audio/251209_水安宮旅客昏倒_185509_UltraLog063.wav,experiments/golden_dataset/ground_truth/251209_水安宮旅客昏倒_185509_UltraLog063.txt,58.58,156,0,232.1,wav,Y,
251209_水安宮旅客昏倒_190252_UltraLog006,emergency,emergency,experiments/golden_dataset/audio/251209_水安宮旅客昏倒_190252_UltraLog006.wav,experiments/golden_dataset/ground_truth/251209_水安宮旅客昏倒_190252_UltraLog006.txt,84.72,232,0,134.4,wav,Y,
251209_水安宮旅客昏倒_191505_UltraLog025,emergency,emergency,experiments/golden_dataset/audio/251209_水安宮旅客昏倒_191505_UltraLog025.wav,experiments/golden_dataset/ground_truth/251209_水安宮旅客昏倒_191505_UltraLog025.txt,77.12,301,0,122.4,wav,Y,
251216_九張犁車門連動_174436_UltraLog063,door,door,experiments/golden_dataset/audio/251216_九張犁車門連動_174436_UltraLog063.wav,experiments/golden_dataset/ground_truth/251216_九張犁車門連動_174436_UltraLog063.txt,150.36,712,0,595.6,wav,Y,
251216_九張犁車門連動_174813_UltraLog063,door,door,experiments/golden_dataset/audio/251216_九張犁車門連動_174813_UltraLog063.wav,experiments/golden_dataset/ground_truth/251216_九張犁車門連動_174813_UltraLog063.txt,15.84,45,0,62.8,wav,Y,
251216_九張犁車門連動_175200_UltraLog063,door,door,experiments/golden_dataset/audio/251216_九張犁車門連動_175200_UltraLog063.wav,experiments/golden_dataset/ground_truth/251216_九張犁車門連動_175200_UltraLog063.txt,40.21,176,0,159.3,wav,Y,
251216_九張犁車門連動_175812_UltraLog063,door,door,experiments/golden_dataset/audio/251216_九張犁車門連動_175812_UltraLog063.wav,experiments/golden_dataset/ground_truth/251216_九張犁車門連動_175812_UltraLog063.txt,32.26,123,0,127.8,wav,Y,
251222_三軌電力異常_194517_UltraLog064,control,control|track,experiments/golden_dataset/audio/251222_三軌電力異常_194517_UltraLog064.wav,experiments/golden_dataset/ground_truth/251222_三軌電力異常_194517_UltraLog064.txt,167.79,589,0,664.6,wav,Y,
251222_三軌電力異常_200202_UltraLog063,control,control|track,experiments/golden_dataset/audio/251222_三軌電力異常_200202_UltraLog063.wav,experiments/golden_dataset/ground_truth/251222_三軌電力異常_200202_UltraLog063.txt,180.35,707,0,714.3,wav,Y,
251222_三軌電力異常_212545_UltraLog063,control,control|track,experiments/golden_dataset/audio/251222_三軌電力異常_212545_UltraLog063.wav,experiments/golden_dataset/ground_truth/251222_三軌電力異常_212545_UltraLog063.txt,153.2,613,0,606.8,wav,Y,
251222_三軌電力異常_213242_UltraLog029,control,control|track,experiments/golden_dataset/audio/251222_三軌電力異常_213242_UltraLog029.wav,experiments/golden_dataset/ground_truth/251222_三軌電力異常_213242_UltraLog029.txt,134.96,709,0,214.2,wav,Y,
251222_三軌電力異常_224138_UltraLog003,control,control|track,experiments/golden_dataset/audio/251222_三軌電力異常_224138_UltraLog003.wav,experiments/golden_dataset/ground_truth/251222_三軌電力異常_224138_UltraLog003.txt,156.0,581,0,247.6,wav,Y,
251222_中清車門障礙_060548_UltraLog063,door,door,experiments/golden_dataset/audio/251222_中清車門障礙_060548_UltraLog063.wav,experiments/golden_dataset/ground_truth/251222_中清車門障礙_060548_UltraLog063.txt,49.11,145,0,194.6,wav,Y,
251222_中清車門障礙_061021_UltraLog063,door,door,experiments/golden_dataset/audio/251222_中清車門障礙_061021_UltraLog063.wav,experiments/golden_dataset/ground_truth/251222_中清車門障礙_061021_UltraLog063.txt,40.4,116,0,160.1,wav,Y,
251222_中清車門障礙_061126_UltraLog063,door,door,experiments/golden_dataset/audio/251222_中清車門障礙_061126_UltraLog063.wav,experiments/golden_dataset/ground_truth/251222_中清車門障礙_061126_UltraLog063.txt,45.83,104,0,181.6,wav,Y,
251222_中清車門障礙_061255_UltraLog063,door,door,experiments/golden_dataset/audio/251222_中清車門障礙_061255_UltraLog063.wav,experiments/golden_dataset/ground_truth/251222_中清車門障礙_061255_UltraLog063.txt,73.67,195,0,291.8,wav,Y,
251222_中清車門障礙_061411_UltraLog063,door,door,experiments/golden_dataset/audio/251222_中清車門障礙_061411_UltraLog063.wav,experiments/golden_dataset/ground_truth/251222_中清車門障礙_061411_UltraLog063.txt,70.64,331,0,279.8,wav,Y,
251222_中清車門障礙_062433_UltraLog011,door,door,experiments/golden_dataset/audio/251222_中清車門障礙_062433_UltraLog011.wav,experiments/golden_dataset/ground_truth/251222_中清車門障礙_062433_UltraLog011.txt,62.16,240,0,98.7,wav,Y,
260603_北屯機廠號誌故障_EC_072302_號誌3股（原系電1股）_值班_0963678367,emergency,emergency,experiments/golden_dataset/audio/260603_北屯機廠號誌故障_EC_072302_號誌3股（原系電1股）_值班_0963678367.mp3,experiments/golden_dataset/ground_truth/260603_北屯機廠號誌故障_EC_072302_號誌3股（原系電1股）_值班_0963678367.txt,32.86,101,0,127.9,mp3,Y,
260603_北屯機廠號誌故障_EC_072305_號誌2股_值班_0963678332,emergency,emergency,experiments/golden_dataset/audio/260603_北屯機廠號誌故障_EC_072305_號誌2股_值班_0963678332.mp3,experiments/golden_dataset/ground_truth/260603_北屯機廠號誌故障_EC_072305_號誌2股_值班_0963678332.txt,35.96,125,0,139.9,mp3,Y,
260603_北屯機廠號誌故障_EC_072404_號誌1股_值班_0963678371,emergency,emergency,experiments/golden_dataset/audio/260603_北屯機廠號誌故障_EC_072404_號誌1股_值班_0963678371.mp3,experiments/golden_dataset/ground_truth/260603_北屯機廠號誌故障_EC_072404_號誌1股_值班_0963678371.txt,39.71,128,0,154.5,mp3,Y,
260603_北屯機廠號誌故障_EC_072604_號誌楊耀賓_0972088963,emergency,emergency,experiments/golden_dataset/audio/260603_北屯機廠號誌故障_EC_072604_號誌楊耀賓_0972088963.mp3,experiments/golden_dataset/ground_truth/260603_北屯機廠號誌故障_EC_072604_號誌楊耀賓_0972088963.txt,80.55,236,0,313.3,mp3,Y,
260603_北屯機廠號誌故障_EC_073900_陳振溢組長,emergency,emergency,experiments/golden_dataset/audio/260603_北屯機廠號誌故障_EC_073900_陳振溢組長.mp3,experiments/golden_dataset/ground_truth/260603_北屯機廠號誌故障_EC_073900_陳振溢組長.txt,45.12,182,0,175.5,mp3,Y,
260603_北屯機廠號誌故障_EC_082204_南段段辦,emergency,emergency,experiments/golden_dataset/audio/260603_北屯機廠號誌故障_EC_082204_南段段辦.mp3,experiments/golden_dataset/ground_truth/260603_北屯機廠號誌故障_EC_082204_南段段辦.txt,68.79,259,0,267.6,mp3,Y,
260603_北屯機廠號誌故障_EC_083301_號誌3股（原系電1股）_值班_0963678367,emergency,emergency,experiments/golden_dataset/audio/260603_北屯機廠號誌故障_EC_083301_號誌3股（原系電1股）_值班_0963678367.mp3,experiments/golden_dataset/ground_truth/260603_北屯機廠號誌故障_EC_083301_號誌3股（原系電1股）_值班_0963678367.txt,64.69,310,0,251.7,mp3,Y,
260603_北屯機廠號誌故障_備用_072614,emergency,emergency,experiments/golden_dataset/audio/260603_北屯機廠號誌故障_備用_072614.wav,experiments/golden_dataset/ground_truth/260603_北屯機廠號誌故障_備用_072614.txt,32.13,43,0,127.3,wav,Y,
260603_北屯機廠號誌故障_備用_072701,emergency,emergency,experiments/golden_dataset/audio/260603_北屯機廠號誌故障_備用_072701.wav,experiments/golden_dataset/ground_truth/260603_北屯機廠號誌故障_備用_072701.txt,102.96,375,0,407.8,wav,Y,
260603_北屯機廠號誌故障_備用_072849,emergency,emergency,experiments/golden_dataset/audio/260603_北屯機廠號誌故障_備用_072849.wav,experiments/golden_dataset/ground_truth/260603_北屯機廠號誌故障_備用_072849.txt,29.8,85,0,118.1,wav,Y,
260603_北屯機廠號誌故障_備用_072919,emergency,emergency,experiments/golden_dataset/audio/260603_北屯機廠號誌故障_備用_072919.wav,experiments/golden_dataset/ground_truth/260603_北屯機廠號誌故障_備用_072919.txt,47.6,142,0,188.6,wav,Y,
260603_北屯機廠號誌故障_備用_073027,emergency,emergency,experiments/golden_dataset/audio/260603_北屯機廠號誌故障_備用_073027.wav,experiments/golden_dataset/ground_truth/260603_北屯機廠號誌故障_備用_073027.txt,22.09,77,0,87.6,wav,Y,
260603_北屯機廠號誌故障_備用_073102,emergency,emergency,experiments/golden_dataset/audio/260603_北屯機廠號誌故障_備用_073102.wav,experiments/golden_dataset/ground_truth/260603_北屯機廠號誌故障_備用_073102.txt,41.79,130,0,165.6,wav,Y,
260603_北屯機廠號誌故障_備用_073151,emergency,emergency,experiments/golden_dataset/audio/260603_北屯機廠號誌故障_備用_073151.wav,experiments/golden_dataset/ground_truth/260603_北屯機廠號誌故障_備用_073151.txt,62.43,218,0,247.3,wav,Y,
260603_北屯機廠號誌故障_備用_073601,emergency,emergency,experiments/golden_dataset/audio/260603_北屯機廠號誌故障_備用_073601.wav,experiments/golden_dataset/ground_truth/260603_北屯機廠號誌故障_備用_073601.txt,106.49,439,0,421.8,wav,Y,
260603_北屯機廠號誌故障_備用_073901,emergency,emergency,experiments/golden_dataset/audio/260603_北屯機廠號誌故障_備用_073901.wav,experiments/golden_dataset/ground_truth/260603_北屯機廠號誌故障_備用_073901.txt,24.87,59,0,98.6,wav,Y,
260603_北屯機廠號誌故障_備用_074121,emergency,emergency,experiments/golden_dataset/audio/260603_北屯機廠號誌故障_備用_074121.wav,experiments/golden_dataset/ground_truth/260603_北屯機廠號誌故障_備用_074121.txt,70.19,234,0,278.1,wav,Y,
260603_北屯機廠號誌故障_備用_074233,emergency,emergency,experiments/golden_dataset/audio/260603_北屯機廠號誌故障_備用_074233.wav,experiments/golden_dataset/ground_truth/260603_北屯機廠號誌故障_備用_074233.txt,48.1,119,0,190.6,wav,Y,
260603_北屯機廠號誌故障_備用_074414,emergency,emergency,experiments/golden_dataset/audio/260603_北屯機廠號誌故障_備用_074414.wav,experiments/golden_dataset/ground_truth/260603_北屯機廠號誌故障_備用_074414.txt,50.94,143,0,201.8,wav,Y,
260603_北屯機廠號誌故障_備用_074523,emergency,emergency,experiments/golden_dataset/audio/260603_北屯機廠號誌故障_備用_074523.wav,experiments/golden_dataset/ground_truth/260603_北屯機廠號誌故障_備用_074523.txt,112.99,392,0,447.6,wav,Y,
260603_北屯機廠號誌故障_備用_074800,emergency,emergency,experiments/golden_dataset/audio/260603_北屯機廠號誌故障_備用_074800.wav,experiments/golden_dataset/ground_truth/260603_北屯機廠號誌故障_備用_074800.txt,51.38,218,0,203.6,wav,Y,
260603_北屯機廠號誌故障_備用_075014,emergency,emergency,experiments/golden_dataset/audio/260603_北屯機廠號誌故障_備用_075014.wav,experiments/golden_dataset/ground_truth/260603_北屯機廠號誌故障_備用_075014.txt,42.74,129,0,169.3,wav,Y,
260603_北屯機廠號誌故障_備用_075106,emergency,emergency,experiments/golden_dataset/audio/260603_北屯機廠號誌故障_備用_075106.wav,experiments/golden_dataset/ground_truth/260603_北屯機廠號誌故障_備用_075106.txt,121.33,301,0,480.6,wav,Y,
260603_北屯機廠號誌故障_備用_075337,emergency,emergency,experiments/golden_dataset/audio/260603_北屯機廠號誌故障_備用_075337.wav,experiments/golden_dataset/ground_truth/260603_北屯機廠號誌故障_備用_075337.txt,14.39,37,0,57.1,wav,Y,
260603_北屯機廠號誌故障_備用_080017,emergency,emergency,experiments/golden_dataset/audio/260603_北屯機廠號誌故障_備用_080017.wav,experiments/golden_dataset/ground_truth/260603_北屯機廠號誌故障_備用_080017.txt,47.03,187,0,186.3,wav,Y,
260603_北屯機廠號誌故障_備用_080115,emergency,emergency,experiments/golden_dataset/audio/260603_北屯機廠號誌故障_備用_080115.wav,experiments/golden_dataset/ground_truth/260603_北屯機廠號誌故障_備用_080115.txt,21.59,50,0,85.6,wav,Y,
260603_北屯機廠號誌故障_備用_080213,emergency,emergency,experiments/golden_dataset/audio/260603_北屯機廠號誌故障_備用_080213.wav,experiments/golden_dataset/ground_truth/260603_北屯機廠號誌故障_備用_080213.txt,16.73,43,0,66.3,wav,Y,
260603_北屯機廠號誌故障_備用_080231,emergency,emergency,experiments/golden_dataset/audio/260603_北屯機廠號誌故障_備用_080231.wav,experiments/golden_dataset/ground_truth/260603_北屯機廠號誌故障_備用_080231.txt,73.1,263,0,289.6,wav,Y,
260603_北屯機廠號誌故障_備用_080404,emergency,emergency,experiments/golden_dataset/audio/260603_北屯機廠號誌故障_備用_080404.wav,experiments/golden_dataset/ground_truth/260603_北屯機廠號誌故障_備用_080404.txt,17.93,40,0,71.1,wav,Y,
260603_北屯機廠號誌故障_備用_080559,emergency,emergency,experiments/golden_dataset/audio/260603_北屯機廠號誌故障_備用_080559.wav,experiments/golden_dataset/ground_truth/260603_北屯機廠號誌故障_備用_080559.txt,43.11,126,0,170.8,wav,Y,
260603_北屯機廠號誌故障_備用_081200,emergency,emergency,experiments/golden_dataset/audio/260603_北屯機廠號誌故障_備用_081200.wav,experiments/golden_dataset/ground_truth/260603_北屯機廠號誌故障_備用_081200.txt,24.3,66,0,96.3,wav,Y,
260603_北屯機廠號誌故障_備用_081254,emergency,emergency,experiments/golden_dataset/audio/260603_北屯機廠號誌故障_備用_081254.wav,experiments/golden_dataset/ground_truth/260603_北屯機廠號誌故障_備用_081254.txt,19.06,63,0,75.6,wav,Y,
260603_北屯機廠號誌故障_備用_081336,emergency,emergency,experiments/golden_dataset/audio/260603_北屯機廠號誌故障_備用_081336.wav,experiments/golden_dataset/ground_truth/260603_北屯機廠號誌故障_備用_081336.txt,14.33,28,0,56.8,wav,Y,
260603_北屯機廠號誌故障_備用_081359,emergency,emergency,experiments/golden_dataset/audio/260603_北屯機廠號誌故障_備用_081359.wav,experiments/golden_dataset/ground_truth/260603_北屯機廠號誌故障_備用_081359.txt,17.23,40,0,68.3,wav,Y,
260603_北屯機廠號誌故障_備用_081430,emergency,emergency,experiments/golden_dataset/audio/260603_北屯機廠號誌故障_備用_081430.wav,experiments/golden_dataset/ground_truth/260603_北屯機廠號誌故障_備用_081430.txt,23.23,61,0,92.1,wav,Y,
260603_北屯機廠號誌故障_備用_081457,emergency,emergency,experiments/golden_dataset/audio/260603_北屯機廠號誌故障_備用_081457.wav,experiments/golden_dataset/ground_truth/260603_北屯機廠號誌故障_備用_081457.txt,20.26,54,0,80.3,wav,Y,
260603_北屯機廠號誌故障_備用_081654,emergency,emergency,experiments/golden_dataset/audio/260603_北屯機廠號誌故障_備用_081654.wav,experiments/golden_dataset/ground_truth/260603_北屯機廠號誌故障_備用_081654.txt,19.88,54,0,78.8,wav,Y,
260603_北屯機廠號誌故障_備用_081717,emergency,emergency,experiments/golden_dataset/audio/260603_北屯機廠號誌故障_備用_081717.wav,experiments/golden_dataset/ground_truth/260603_北屯機廠號誌故障_備用_081717.txt,14.83,28,0,58.8,wav,Y,
260603_北屯機廠號誌故障_備用_082451,emergency,emergency,experiments/golden_dataset/audio/260603_北屯機廠號誌故障_備用_082451.wav,experiments/golden_dataset/ground_truth/260603_北屯機廠號誌故障_備用_082451.txt,30.62,86,0,121.3,wav,Y,
260603_北屯機廠號誌故障_正線_072318,emergency,emergency,experiments/golden_dataset/audio/260603_北屯機廠號誌故障_正線_072318.wav,experiments/golden_dataset/ground_truth/260603_北屯機廠號誌故障_正線_072318.txt,63.31,180,0,250.8,wav,Y,
260603_北屯機廠號誌故障_正線_072528,emergency,emergency,experiments/golden_dataset/audio/260603_北屯機廠號誌故障_正線_072528.wav,experiments/golden_dataset/ground_truth/260603_北屯機廠號誌故障_正線_072528.txt,43.81,115,0,173.6,wav,Y,
260603_北屯機廠號誌故障_正線_072630,emergency,emergency,experiments/golden_dataset/audio/260603_北屯機廠號誌故障_正線_072630.wav,experiments/golden_dataset/ground_truth/260603_北屯機廠號誌故障_正線_072630.txt,24.75,70,0,98.1,wav,Y,
260603_北屯機廠號誌故障_正線_072723,emergency,emergency,experiments/golden_dataset/audio/260603_北屯機廠號誌故障_正線_072723.wav,experiments/golden_dataset/ground_truth/260603_北屯機廠號誌故障_正線_072723.txt,169.05,730,0,669.6,wav,Y,
260603_北屯機廠號誌故障_正線_073100,emergency,emergency,experiments/golden_dataset/audio/260603_北屯機廠號誌故障_正線_073100.wav,experiments/golden_dataset/ground_truth/260603_北屯機廠號誌故障_正線_073100.txt,111.1,342,0,440.1,wav,Y,
260603_北屯機廠號誌故障_正線_073254,emergency,emergency,experiments/golden_dataset/audio/260603_北屯機廠號誌故障_正線_073254.wav,experiments/golden_dataset/ground_truth/260603_北屯機廠號誌故障_正線_073254.txt,83.58,268,0,331.1,wav,Y,
260603_北屯機廠號誌故障_正線_073432,emergency,emergency,experiments/golden_dataset/audio/260603_北屯機廠號誌故障_正線_073432.wav,experiments/golden_dataset/ground_truth/260603_北屯機廠號誌故障_正線_073432.txt,45.83,139,0,181.6,wav,Y,
260603_北屯機廠號誌故障_正線_073740,emergency,emergency,experiments/golden_dataset/audio/260603_北屯機廠號誌故障_正線_073740.wav,experiments/golden_dataset/ground_truth/260603_北屯機廠號誌故障_正線_073740.txt,45.77,160,0,181.3,wav,Y,
260603_北屯機廠號誌故障_正線_073834,emergency,emergency,experiments/golden_dataset/audio/260603_北屯機廠號誌故障_正線_073834.wav,experiments/golden_dataset/ground_truth/260603_北屯機廠號誌故障_正線_073834.txt,60.79,184,0,240.8,wav,Y,
260603_北屯機廠號誌故障_正線_074130,emergency,emergency,experiments/golden_dataset/audio/260603_北屯機廠號誌故障_正線_074130.wav,experiments/golden_dataset/ground_truth/260603_北屯機廠號誌故障_正線_074130.txt,31.31,95,0,124.1,wav,Y,
260603_北屯機廠號誌故障_正線_074203,emergency,emergency,experiments/golden_dataset/audio/260603_北屯機廠號誌故障_正線_074203.wav,experiments/golden_dataset/ground_truth/260603_北屯機廠號誌故障_正線_074203.txt,29.42,89,0,116.6,wav,Y,
260603_北屯機廠號誌故障_正線_074411,emergency,emergency,experiments/golden_dataset/audio/260603_北屯機廠號誌故障_正線_074411.wav,experiments/golden_dataset/ground_truth/260603_北屯機廠號誌故障_正線_074411.txt,20.64,79,0,81.8,wav,Y,
260603_北屯機廠號誌故障_正線_074459,emergency,emergency,experiments/golden_dataset/audio/260603_北屯機廠號誌故障_正線_074459.wav,experiments/golden_dataset/ground_truth/260603_北屯機廠號誌故障_正線_074459.txt,32.95,103,0,130.6,wav,Y,
260603_北屯機廠號誌故障_正線_074559,emergency,emergency,experiments/golden_dataset/audio/260603_北屯機廠號誌故障_正線_074559.wav,experiments/golden_dataset/ground_truth/260603_北屯機廠號誌故障_正線_074559.txt,26.64,93,0,105.6,wav,Y,
260603_北屯機廠號誌故障_正線_074822,emergency,emergency,experiments/golden_dataset/audio/260603_北屯機廠號誌故障_正線_074822.wav,experiments/golden_dataset/ground_truth/260603_北屯機廠號誌故障_正線_074822.txt,40.21,128,0,159.3,wav,Y,
260603_北屯機廠號誌故障_正線_074924,emergency,emergency,experiments/golden_dataset/audio/260603_北屯機廠號誌故障_正線_074924.wav,experiments/golden_dataset/ground_truth/260603_北屯機廠號誌故障_正線_074924.txt,59.65,206,0,236.3,wav,Y,
260603_北屯機廠號誌故障_正線_080102,emergency,emergency,experiments/golden_dataset/audio/260603_北屯機廠號誌故障_正線_080102.wav,experiments/golden_dataset/ground_truth/260603_北屯機廠號誌故障_正線_080102.txt,50.44,112,0,199.8,wav,Y,
260603_北屯機廠號誌故障_正線_080818,emergency,emergency,experiments/golden_dataset/audio/260603_北屯機廠號誌故障_正線_080818.wav,experiments/golden_dataset/ground_truth/260603_北屯機廠號誌故障_正線_080818.txt,24.05,71,0,95.3,wav,Y,
260603_北屯機廠號誌故障_正線_081356,emergency,emergency,experiments/golden_dataset/audio/260603_北屯機廠號誌故障_正線_081356.wav,experiments/golden_dataset/ground_truth/260603_北屯機廠號誌故障_正線_081356.txt,63.12,219,0,250.1,wav,Y,
260603_北屯機廠號誌故障_正線_081600,emergency,emergency,experiments/golden_dataset/audio/260603_北屯機廠號誌故障_正線_081600.wav,experiments/golden_dataset/ground_truth/260603_北屯機廠號誌故障_正線_081600.txt,23.86,74,0,94.6,wav,Y,
260603_北屯機廠號誌故障_正線_081848,emergency,emergency,experiments/golden_dataset/audio/260603_北屯機廠號誌故障_正線_081848.wav,experiments/golden_dataset/ground_truth/260603_北屯機廠號誌故障_正線_081848.txt,17.99,48,0,71.3,wav,Y,
260604_G10a文心森林站號誌異常_正線_185935,control,control,experiments/golden_dataset/audio/260604_G10a文心森林站號誌異常_正線_185935.wav,experiments/golden_dataset/ground_truth/260604_G10a文心森林站號誌異常_正線_185935.txt,13.19,20,0,52.3,wav,Y,
260604_G10a文心森林站號誌異常_正線_185950,control,control,experiments/golden_dataset/audio/260604_G10a文心森林站號誌異常_正線_185950.wav,experiments/golden_dataset/ground_truth/260604_G10a文心森林站號誌異常_正線_185950.txt,13.19,24,0,52.3,wav,Y,
260604_G10a文心森林站號誌異常_正線_190009,control,control,experiments/golden_dataset/audio/260604_G10a文心森林站號誌異常_正線_190009.wav,experiments/golden_dataset/ground_truth/260604_G10a文心森林站號誌異常_正線_190009.txt,24.43,72,0,96.8,wav,Y,
260604_G10a文心森林站號誌異常_正線_190427,control,control,experiments/golden_dataset/audio/260604_G10a文心森林站號誌異常_正線_190427.wav,experiments/golden_dataset/ground_truth/260604_G10a文心森林站號誌異常_正線_190427.txt,44.06,130,0,174.6,wav,Y,
260604_G10a文心森林站號誌異常_正線_190544,control,control,experiments/golden_dataset/audio/260604_G10a文心森林站號誌異常_正線_190544.wav,experiments/golden_dataset/ground_truth/260604_G10a文心森林站號誌異常_正線_190544.txt,29.98,75,0,118.8,wav,Y,
260604_G10a文心森林站號誌異常_正線_190744,control,control,experiments/golden_dataset/audio/260604_G10a文心森林站號誌異常_正線_190744.wav,experiments/golden_dataset/ground_truth/260604_G10a文心森林站號誌異常_正線_190744.txt,37.75,130,0,149.6,wav,Y,
260604_G10a文心森林站號誌異常_正線_190935,control,control,experiments/golden_dataset/audio/260604_G10a文心森林站號誌異常_正線_190935.wav,experiments/golden_dataset/ground_truth/260604_G10a文心森林站號誌異常_正線_190935.txt,56.81,222,0,225.1,wav,Y,
260604_G10a文心森林站號誌異常_正線_191703,control,control,experiments/golden_dataset/audio/260604_G10a文心森林站號誌異常_正線_191703.wav,experiments/golden_dataset/ground_truth/260604_G10a文心森林站號誌異常_正線_191703.txt,17.36,35,0,68.8,wav,Y,
260604_G10a文心森林站號誌異常_正線_191727,control,control,experiments/golden_dataset/audio/260604_G10a文心森林站號誌異常_正線_191727.wav,experiments/golden_dataset/ground_truth/260604_G10a文心森林站號誌異常_正線_191727.txt,35.16,128,0,139.3,wav,Y,
260604_G10a文心森林站號誌異常_正線_191829,control,control,experiments/golden_dataset/audio/260604_G10a文心森林站號誌異常_正線_191829.wav,experiments/golden_dataset/ground_truth/260604_G10a文心森林站號誌異常_正線_191829.txt,25.12,78,0,99.6,wav,Y,
260604_G10a文心森林站號誌異常_正線_192054,control,control,experiments/golden_dataset/audio/260604_G10a文心森林站號誌異常_正線_192054.wav,experiments/golden_dataset/ground_truth/260604_G10a文心森林站號誌異常_正線_192054.txt,23.42,77,0,92.8,wav,Y,
260604_G10a文心森林站號誌異常_正線_192124,control,control,experiments/golden_dataset/audio/260604_G10a文心森林站號誌異常_正線_192124.wav,experiments/golden_dataset/ground_truth/260604_G10a文心森林站號誌異常_正線_192124.txt,10.79,3,0,42.8,wav,Y,
260604_G10a文心森林站號誌異常_正線_192156,control,control,experiments/golden_dataset/audio/260604_G10a文心森林站號誌異常_正線_192156.wav,experiments/golden_dataset/ground_truth/260604_G10a文心森林站號誌異常_正線_192156.txt,30.17,94,0,119.6,wav,Y,
260604_G10a文心森林站號誌異常_正線_192301,control,control,experiments/golden_dataset/audio/260604_G10a文心森林站號誌異常_正線_192301.wav,experiments/golden_dataset/ground_truth/260604_G10a文心森林站號誌異常_正線_192301.txt,18.56,58,0,73.6,wav,Y,
260604_G10a文心森林站號誌異常_正線_192350,control,control,experiments/golden_dataset/audio/260604_G10a文心森林站號誌異常_正線_192350.wav,experiments/golden_dataset/ground_truth/260604_G10a文心森林站號誌異常_正線_192350.txt,17.36,45,0,68.8,wav,Y,
260604_G10a文心森林站號誌異常_正線_192441,control,control,experiments/golden_dataset/audio/260604_G10a文心森林站號誌異常_正線_192441.wav,experiments/golden_dataset/ground_truth/260604_G10a文心森林站號誌異常_正線_192441.txt,56.56,198,0,224.1,wav,Y,
260604_G10a文心森林站號誌異常_正線_192626,control,control,experiments/golden_dataset/audio/260604_G10a文心森林站號誌異常_正線_192626.wav,experiments/golden_dataset/ground_truth/260604_G10a文心森林站號誌異常_正線_192626.txt,49.68,188,0,196.8,wav,Y,
260604_G10a文心森林站號誌異常_正線_192730,control,control,experiments/golden_dataset/audio/260604_G10a文心森林站號誌異常_正線_192730.wav,experiments/golden_dataset/ground_truth/260604_G10a文心森林站號誌異常_正線_192730.txt,13.19,31,0,52.3,wav,Y,
260604_G10a文心森林站號誌異常_正線_192749,control,control,experiments/golden_dataset/audio/260604_G10a文心森林站號誌異常_正線_192749.wav,experiments/golden_dataset/ground_truth/260604_G10a文心森林站號誌異常_正線_192749.txt,28.72,85,0,113.8,wav,Y,
260604_G10a文心森林站號誌異常_正線_192821,control,control,experiments/golden_dataset/audio/260604_G10a文心森林站號誌異常_正線_192821.wav,experiments/golden_dataset/ground_truth/260604_G10a文心森林站號誌異常_正線_192821.txt,28.6,51,0,113.3,wav,Y,
260604_G10a文心森林站號誌異常_正線_192850,control,control,experiments/golden_dataset/audio/260604_G10a文心森林站號誌異常_正線_192850.wav,experiments/golden_dataset/ground_truth/260604_G10a文心森林站號誌異常_正線_192850.txt,20.89,49,0,82.8,wav,Y,
260604_G10a文心森林站號誌異常_正線_193551,control,control,experiments/golden_dataset/audio/260604_G10a文心森林站號誌異常_正線_193551.wav,experiments/golden_dataset/ground_truth/260604_G10a文心森林站號誌異常_正線_193551.txt,14.9,31,0,59.1,wav,Y,
260604_G10a文心森林站號誌異常_正線_193725,control,control,experiments/golden_dataset/audio/260604_G10a文心森林站號誌異常_正線_193725.wav,experiments/golden_dataset/ground_truth/260604_G10a文心森林站號誌異常_正線_193725.txt,11.99,11,0,47.6,wav,Y,
A001,emergency,emergency,experiments/golden_dataset/audio/A001_emergency_號誌3股_值班_20260215_045105.wav,experiments/golden_dataset/ground_truth/A001_emergency_號誌3股_值班_20260215_045105.txt,160.63,741,37,5019.7,wav,Y,
A002,emergency,emergency,experiments/golden_dataset/audio/A002_emergency_號誌3股_值班_20260215_045504.wav,experiments/golden_dataset/ground_truth/A002_emergency_號誌3股_值班_20260215_045504.txt,62.46,225,10,1952.0,wav,Y,
A003,emergency,emergency,experiments/golden_dataset/audio/A003_emergency_號誌3股_值班_20260215_045803.wav,experiments/golden_dataset/ground_truth/A003_emergency_號誌3股_值班_20260215_045803.txt,41.33,134,9,1291.6,wav,Y,
A004,emergency,emergency,experiments/golden_dataset/audio/A004_emergency_號誌3股_值班_20260215_045903.wav,experiments/golden_dataset/ground_truth/A004_emergency_號誌3股_值班_20260215_045903.txt,46.37,168,12,1449.1,wav,Y,
A005,emergency,emergency,experiments/golden_dataset/audio/A005_emergency_號誌3股_值班_20260215_050204.wav,experiments/golden_dataset/ground_truth/A005_emergency_號誌3股_值班_20260215_050204.txt,21.34,60,13,667.1,wav,Y,
A007,emergency,emergency,experiments/golden_dataset/audio/A007_emergency_號誌3股_值班_20260215_053503.wav,experiments/golden_dataset/ground_truth/A007_emergency_號誌3股_值班_20260215_053503.txt,38.24,149,6,1195.2,wav,Y,
A008,emergency,emergency,experiments/golden_dataset/audio/A008_emergency_號誌3股_值班_20260215_054401.wav,experiments/golden_dataset/ground_truth/A008_emergency_號誌3股_值班_20260215_054401.txt,47.99,178,16,1499.7,wav,Y,
A009,emergency,emergency,experiments/golden_dataset/audio/A009_emergency_號誌3股_值班_20260215_054502.wav,experiments/golden_dataset/ground_truth/A009_emergency_號誌3股_值班_20260215_054502.txt,11.73,54,6,366.7,wav,Y,
A010,emergency,emergency,experiments/golden_dataset/audio/A010_emergency_號誌3股_值班_20260215_055405.wav,experiments/golden_dataset/ground_truth/A010_emergency_號誌3股_值班_20260215_055405.txt,61.15,253,13,1911.2,wav,Y,
A011,emergency,emergency,experiments/golden_dataset/audio/A011_emergency_號誌3股_值班_20260215_060501.wav,experiments/golden_dataset/ground_truth/A011_emergency_號誌3股_值班_20260215_060501.txt,6.37,30,5,199.3,wav,Y,
A012,emergency,emergency,experiments/golden_dataset/audio/A012_emergency_組長_楊耀賓_20260215_054004.wav,experiments/golden_dataset/ground_truth/A012_emergency_組長_楊耀賓_20260215_054004.txt,224.68,826,47,7021.4,wav,Y,
A013,emergency,emergency,experiments/golden_dataset/audio/A013_emergency_組長_楊耀賓_20260215_055302.wav,experiments/golden_dataset/ground_truth/A013_emergency_組長_楊耀賓_20260215_055302.txt,15.65,57,7,489.1,wav,Y,
A014,emergency,emergency,experiments/golden_dataset/audio/A014_emergency_組長_楊耀賓_20260215_061300.wav,experiments/golden_dataset/ground_truth/A014_emergency_組長_楊耀賓_20260215_061300.txt,91.22,375,23,2850.7,wav,Y,
G0001,emergency,emergency,experiments/golden_dataset/audio/G0001_emergency_席位1_2025122_192236.wav,experiments/golden_dataset/ground_truth/G0001_emergency_席位1_2025122_192236.txt,39.07,161,2,154.8,wav,Y,
G0002,daily,daily,experiments/golden_dataset/audio/G0002_daily_席位1_2025122_192400.wav,experiments/golden_dataset/ground_truth/G0002_daily_席位1_2025122_192400.txt,16.98,41,1,67.3,wav,Y,
G0003,door,door,experiments/golden_dataset/audio/G0003_door_席位1_2025122_192434.wav,experiments/golden_dataset/ground_truth/G0003_door_席位1_2025122_192434.txt,29.61,111,1,117.3,wav,Y,
G0004,daily,daily,experiments/golden_dataset/audio/G0004_daily_席位1_2025122_192542.wav,experiments/golden_dataset/ground_truth/G0004_daily_席位1_2025122_192542.txt,15.09,26,1,59.8,wav,Y,
G0005,track,track,experiments/golden_dataset/audio/G0005_track_席位1_2025122_192609.wav,experiments/golden_dataset/ground_truth/G0005_track_席位1_2025122_192609.txt,52.39,188,6,207.6,wav,Y,
G0006,door,door,experiments/golden_dataset/audio/G0006_door_席位1_2025122_192724.wav,experiments/golden_dataset/ground_truth/G0006_door_席位1_2025122_192724.txt,107.88,357,10,427.3,wav,Y,
G0007,track,track,experiments/golden_dataset/audio/G0007_track_席位1_2025122_192930.wav,experiments/golden_dataset/ground_truth/G0007_track_席位1_2025122_192930.txt,16.6,46,1,65.8,wav,Y,
G0008,door,door,experiments/golden_dataset/audio/G0008_door_席位1_2025122_193005.wav,experiments/golden_dataset/ground_truth/G0008_door_席位1_2025122_193005.txt,63.82,211,6,252.8,wav,Y,
G0009,daily,daily,experiments/golden_dataset/audio/G0009_daily_席位1_2025122_193110.wav,experiments/golden_dataset/ground_truth/G0009_daily_席位1_2025122_193110.txt,61.86,180,6,245.1,wav,Y,
G0010,door,door,experiments/golden_dataset/audio/G0010_door_席位1_2025122_193214.wav,experiments/golden_dataset/ground_truth/G0010_door_席位1_2025122_193214.txt,31.25,109,3,123.8,wav,Y,
G0011,door,door,experiments/golden_dataset/audio/G0011_door_席位1_2025122_193307.wav,experiments/golden_dataset/ground_truth/G0011_door_席位1_2025122_193307.txt,13.0,30,1,51.6,wav,Y,
G0012,door,door,experiments/golden_dataset/audio/G0012_door_席位1_2025122_193322.wav,experiments/golden_dataset/ground_truth/G0012_door_席位1_2025122_193322.txt,26.39,74,3,104.6,wav,Y,
G0013,emergency,emergency,experiments/golden_dataset/audio/G0013_emergency_席位1_2025122_193349.wav,experiments/golden_dataset/ground_truth/G0013_emergency_席位1_2025122_193349.txt,48.8,195,5,193.3,wav,Y,
G0014,daily,daily,experiments/golden_dataset/audio/G0014_daily_席位1_2025122_193641.wav,experiments/golden_dataset/ground_truth/G0014_daily_席位1_2025122_193641.txt,18.94,68,1,75.1,wav,Y,
G0015,daily,daily,experiments/golden_dataset/audio/G0015_daily_席位1_2025122_194333.wav,experiments/golden_dataset/ground_truth/G0015_daily_席位1_2025122_194333.txt,11.99,11,1,47.6,wav,Y,
G0016,daily,daily,experiments/golden_dataset/audio/G0016_daily_席位1_2025122_194402.wav,experiments/golden_dataset/ground_truth/G0016_daily_席位1_2025122_194402.txt,13.13,25,1,52.1,wav,Y,
G0017,daily,daily,experiments/golden_dataset/audio/G0017_daily_席位1_2025122_194433.wav,experiments/golden_dataset/ground_truth/G0017_daily_席位1_2025122_194433.txt,26.13,70,3,103.6,wav,Y,
G0018,daily,daily,experiments/golden_dataset/audio/G0018_daily_席位1_2025122_194517.wav,experiments/golden_dataset/ground_truth/G0018_daily_席位1_2025122_194517.txt,16.79,35,1,66.6,wav,Y,
G0019,daily,daily,experiments/golden_dataset/audio/G0019_daily_席位1_2025122_194612.wav,experiments/golden_dataset/ground_truth/G0019_daily_席位1_2025122_194612.txt,38.51,109,4,152.6,wav,Y,
G0020,track,track,experiments/golden_dataset/audio/G0020_track_席位1_2025122_194701.wav,experiments/golden_dataset/ground_truth/G0020_track_席位1_2025122_194701.txt,74.8,309,11,296.3,wav,Y,
G0021,emergency,emergency,experiments/golden_dataset/audio/G0021_emergency_席位1_2025122_194854.wav,experiments/golden_dataset/ground_truth/G0021_emergency_席位1_2025122_194854.txt,37.43,150,6,148.3,wav,Y,
G0022,daily,daily,experiments/golden_dataset/audio/G0022_daily_席位1_2025122_195129.wav,experiments/golden_dataset/ground_truth/G0022_daily_席位1_2025122_195129.txt,10.92,5,1,43.3,wav,Y,
G0023,emergency,emergency,experiments/golden_dataset/audio/G0023_emergency_席位1_2025122_195155.wav,experiments/golden_dataset/ground_truth/G0023_emergency_席位1_2025122_195155.txt,36.99,168,5,146.6,wav,Y,
G0024,emergency,emergency,experiments/golden_dataset/audio/G0024_emergency_席位1_2025122_195242.wav,experiments/golden_dataset/ground_truth/G0024_emergency_席位1_2025122_195242.txt,55.36,152,7,219.3,wav,Y,
G0025,daily,daily,experiments/golden_dataset/audio/G0025_daily_席位1_2025122_195413.wav,experiments/golden_dataset/ground_truth/G0025_daily_席位1_2025122_195413.txt,32.95,92,4,130.6,wav,Y,
G0026,track,track,experiments/golden_dataset/audio/G0026_track_席位1_2025122_195523.wav,experiments/golden_dataset/ground_truth/G0026_track_席位1_2025122_195523.txt,19.13,72,1,75.8,wav,Y,
G0027,daily,daily,experiments/golden_dataset/audio/G0027_daily_席位1_2025122_195917.wav,experiments/golden_dataset/ground_truth/G0027_daily_席位1_2025122_195917.txt,20.14,33,2,79.8,wav,Y,
G0028,control,control,experiments/golden_dataset/audio/G0028_control_席位1_2025122_200202.wav,experiments/golden_dataset/ground_truth/G0028_control_席位1_2025122_200202.txt,180.35,716,19,714.3,wav,Y,
G0029,track,track,experiments/golden_dataset/audio/G0029_track_席位1_2025122_200521.wav,experiments/golden_dataset/ground_truth/G0029_track_席位1_2025122_200521.txt,17.74,64,1,70.3,wav,Y,
G0030,track,track,experiments/golden_dataset/audio/G0030_track_席位1_2025122_200616.wav,experiments/golden_dataset/ground_truth/G0030_track_席位1_2025122_200616.txt,25.63,71,3,101.6,wav,Y,
G0031,door,door,experiments/golden_dataset/audio/G0031_door_席位1_2025122_200647.wav,experiments/golden_dataset/ground_truth/G0031_door_席位1_2025122_200647.txt,23.92,67,2,94.8,wav,Y,
G0032,control,control,experiments/golden_dataset/audio/G0032_control_席位1_2025122_200740.wav,experiments/golden_dataset/ground_truth/G0032_control_席位1_2025122_200740.txt,43.75,157,6,173.3,wav,Y,
G0033,daily,daily,experiments/golden_dataset/audio/G0033_daily_席位1_2025122_200841.wav,experiments/golden_dataset/ground_truth/G0033_daily_席位1_2025122_200841.txt,17.86,45,2,70.8,wav,Y,
G0034,control,control,experiments/golden_dataset/audio/G0034_control_席位1_2025122_201004.wav,experiments/golden_dataset/ground_truth/G0034_control_席位1_2025122_201004.txt,13.76,27,1,54.6,wav,Y,
G0035,control,control,experiments/golden_dataset/audio/G0035_control_席位1_2025122_201031.wav,experiments/golden_dataset/ground_truth/G0035_control_席位1_2025122_201031.txt,16.54,44,2,65.6,wav,Y,
G0036,control,control,experiments/golden_dataset/audio/G0036_control_席位1_2025122_201105.wav,experiments/golden_dataset/ground_truth/G0036_control_席位1_2025122_201105.txt,16.03,41,2,63.6,wav,Y,
G0037,emergency,emergency,experiments/golden_dataset/audio/G0037_emergency_席位1_2025122_201158.wav,experiments/golden_dataset/ground_truth/G0037_emergency_席位1_2025122_201158.txt,30.74,99,4,121.8,wav,Y,
G0038,emergency,emergency,experiments/golden_dataset/audio/G0038_emergency_席位1_2025122_201237.wav,experiments/golden_dataset/ground_truth/G0038_emergency_席位1_2025122_201237.txt,90.39,356,12,358.1,wav,Y,
G0039,control,control,experiments/golden_dataset/audio/G0039_control_席位1_2025122_201417.wav,experiments/golden_dataset/ground_truth/G0039_control_席位1_2025122_201417.txt,17.93,52,2,71.1,wav,Y,
G0040,emergency,emergency,experiments/golden_dataset/audio/G0040_emergency_席位1_2025122_201453.wav,experiments/golden_dataset/ground_truth/G0040_emergency_席位1_2025122_201453.txt,79.35,372,11,314.3,wav,Y,
G0041,control,control,experiments/golden_dataset/audio/G0041_control_席位1_2025122_201633.wav,experiments/golden_dataset/ground_truth/G0041_control_席位1_2025122_201633.txt,32.51,81,5,128.8,wav,Y,
G0042,control,control,experiments/golden_dataset/audio/G0042_control_席位1_2025122_201713.wav,experiments/golden_dataset/ground_truth/G0042_control_席位1_2025122_201713.txt,109.71,534,14,434.6,wav,Y,
G0043,daily,daily,experiments/golden_dataset/audio/G0043_daily_席位1_2025122_202024.wav,experiments/golden_dataset/ground_truth/G0043_daily_席位1_2025122_202024.txt,26.39,24,2,104.6,wav,Y,
G0044,control,control,experiments/golden_dataset/audio/G0044_control_席位1_2025122_202256.wav,experiments/golden_dataset/ground_truth/G0044_control_席位1_2025122_202256.txt,18.81,56,2,74.6,wav,Y,
G0045,control,control,experiments/golden_dataset/audio/G0045_control_席位1_2025122_202338.wav,experiments/golden_dataset/ground_truth/G0045_control_席位1_2025122_202338.txt,44.5,173,4,176.3,wav,Y,
G0046,daily,daily,experiments/golden_dataset/audio/G0046_daily_席位1_2025122_202441.wav,experiments/golden_dataset/ground_truth/G0046_daily_席位1_2025122_202441.txt,29.92,82,5,118.6,wav,Y,
G0048,daily,daily,experiments/golden_dataset/audio/G0048_daily_席位1_2025122_202600.wav,experiments/golden_dataset/ground_truth/G0048_daily_席位1_2025122_202600.txt,40.21,132,4,159.3,wav,Y,
G0049,daily,daily,experiments/golden_dataset/audio/G0049_daily_席位1_2025122_202640.wav,experiments/golden_dataset/ground_truth/G0049_daily_席位1_2025122_202640.txt,12.75,24,1,50.6,wav,Y,
G0050,daily,daily,experiments/golden_dataset/audio/G0050_daily_席位1_2025122_202713.wav,experiments/golden_dataset/ground_truth/G0050_daily_席位1_2025122_202713.txt,12.62,24,1,50.1,wav,Y,
G0051,daily,daily,experiments/golden_dataset/audio/G0051_daily_席位1_2025122_202825.wav,experiments/golden_dataset/ground_truth/G0051_daily_席位1_2025122_202825.txt,16.22,34,1,64.3,wav,Y,
G0052,daily,daily,experiments/golden_dataset/audio/G0052_daily_席位1_2025122_202855.wav,experiments/golden_dataset/ground_truth/G0052_daily_席位1_2025122_202855.txt,17.86,32,2,70.8,wav,Y,
G0053,control,control,experiments/golden_dataset/audio/G0053_control_席位1_2025122_202936.wav,experiments/golden_dataset/ground_truth/G0053_control_席位1_2025122_202936.txt,69.06,230,9,273.6,wav,Y,
G0054,control,control,experiments/golden_dataset/audio/G0054_control_席位1_2025122_203045.wav,experiments/golden_dataset/ground_truth/G0054_control_席位1_2025122_203045.txt,61.48,216,9,243.6,wav,Y,
G0055,control,control,experiments/golden_dataset/audio/G0055_control_席位1_2025122_203154.wav,experiments/golden_dataset/ground_truth/G0055_control_席位1_2025122_203154.txt,54.92,194,9,217.6,wav,Y,
G0056,daily,daily,experiments/golden_dataset/audio/G0056_daily_席位1_2025122_203408.wav,experiments/golden_dataset/ground_truth/G0056_daily_席位1_2025122_203408.txt,49.99,160,7,198.1,wav,Y,
G0057,daily,daily,experiments/golden_dataset/audio/G0057_daily_席位1_2025122_203510.wav,experiments/golden_dataset/ground_truth/G0057_daily_席位1_2025122_203510.txt,31.31,126,5,124.1,wav,Y,
G0058,daily,daily,experiments/golden_dataset/audio/G0058_daily_席位1_2025122_203547.wav,experiments/golden_dataset/ground_truth/G0058_daily_席位1_2025122_203547.txt,13.26,21,1,52.6,wav,Y,
G0059,daily,daily,experiments/golden_dataset/audio/G0059_daily_席位1_2025122_203608.wav,experiments/golden_dataset/ground_truth/G0059_daily_席位1_2025122_203608.txt,15.91,40,2,63.1,wav,Y,
G0060,daily,daily,experiments/golden_dataset/audio/G0060_daily_席位1_2025122_203643.wav,experiments/golden_dataset/ground_truth/G0060_daily_席位1_2025122_203643.txt,12.75,25,1,50.6,wav,Y,
G0061,daily,daily,experiments/golden_dataset/audio/G0061_daily_席位1_2025122_203657.wav,experiments/golden_dataset/ground_truth/G0061_daily_席位1_2025122_203657.txt,11.74,12,1,46.6,wav,Y,
G0062,daily,daily,experiments/golden_dataset/audio/G0062_daily_席位1_2025122_203712.wav,experiments/golden_dataset/ground_truth/G0062_daily_席位1_2025122_203712.txt,32.26,57,1,127.8,wav,Y,
G0063,control,control,experiments/golden_dataset/audio/G0063_control_席位1_2025122_203824.wav,experiments/golden_dataset/ground_truth/G0063_control_席位1_2025122_203824.txt,28.28,97,5,112.1,wav,Y,
G0064,track,track,experiments/golden_dataset/audio/G0064_track_席位1_2025122_204235.wav,experiments/golden_dataset/ground_truth/G0064_track_席位1_2025122_204235.txt,20.33,75,1,80.6,wav,Y,
G0065,door,door,experiments/golden_dataset/audio/G0065_door_席位1_2025122_204922.wav,experiments/golden_dataset/ground_truth/G0065_door_席位1_2025122_204922.txt,37.37,97,4,148.1,wav,Y,
G0066,door,door,experiments/golden_dataset/audio/G0066_door_席位1_2025122_205002.wav,experiments/golden_dataset/ground_truth/G0066_door_席位1_2025122_205002.txt,28.41,95,5,112.6,wav,Y,
G0067,door,door,experiments/golden_dataset/audio/G0067_door_席位1_2025122_205113.wav,experiments/golden_dataset/ground_truth/G0067_door_席位1_2025122_205113.txt,15.4,35,2,61.1,wav,Y,
G0068,door,door,experiments/golden_dataset/audio/G0068_door_席位1_2025122_205153.wav,experiments/golden_dataset/ground_truth/G0068_door_席位1_2025122_205153.txt,56.56,278,11,224.1,wav,Y,
G0069,track,track,experiments/golden_dataset/audio/G0069_track_席位1_2025122_205309.wav,experiments/golden_dataset/ground_truth/G0069_track_席位1_2025122_205309.txt,21.59,70,1,85.6,wav,Y,
G0070,track,track,experiments/golden_dataset/audio/G0070_track_席位1_2025122_205432.wav,experiments/golden_dataset/ground_truth/G0070_track_席位1_2025122_205432.txt,19.38,78,1,76.8,wav,Y,
G0071,daily,daily,experiments/golden_dataset/audio/G0071_daily_席位1_2025122_205835.wav,experiments/golden_dataset/ground_truth/G0071_daily_席位1_2025122_205835.txt,28.6,91,4,113.3,wav,Y,
G0072,control,control,experiments/golden_dataset/audio/G0072_control_席位1_2025122_205905.wav,experiments/golden_dataset/ground_truth/G0072_control_席位1_2025122_205905.txt,26.07,77,5,103.3,wav,Y,
G0073,daily,daily,experiments/golden_dataset/audio/G0073_daily_席位1_2025122_205955.wav,experiments/golden_dataset/ground_truth/G0073_daily_席位1_2025122_205955.txt,15.91,43,2,63.1,wav,Y,
G0074,control,control,experiments/golden_dataset/audio/G0074_control_席位1_2025122_210249.wav,experiments/golden_dataset/ground_truth/G0074_control_席位1_2025122_210249.txt,108.32,379,18,429.1,wav,Y,
G0075,control,control,experiments/golden_dataset/audio/G0075_control_席位1_2025122_210558.wav,experiments/golden_dataset/ground_truth/G0075_control_席位1_2025122_210558.txt,20.45,68,3,81.1,wav,Y,
G0076,control,control,experiments/golden_dataset/audio/G0076_control_席位1_2025122_210935.wav,experiments/golden_dataset/ground_truth/G0076_control_席位1_2025122_210935.txt,47.47,199,8,188.1,wav,Y,
G0077,control,control,experiments/golden_dataset/audio/G0077_control_席位1_2025122_211111.wav,experiments/golden_dataset/ground_truth/G0077_control_席位1_2025122_211111.txt,23.92,58,3,94.8,wav,Y,
G0078,control,control,experiments/golden_dataset/audio/G0078_control_席位1_2025122_211146.wav,experiments/golden_dataset/ground_truth/G0078_control_席位1_2025122_211146.txt,57.63,169,9,228.3,wav,Y,
G0079,daily,daily,experiments/golden_dataset/audio/G0079_daily_席位1_2025122_211315.wav,experiments/golden_dataset/ground_truth/G0079_daily_席位1_2025122_211315.txt,22.66,50,1,89.8,wav,Y,
G0080,door,door,experiments/golden_dataset/audio/G0080_door_席位1_2025122_211338.wav,experiments/golden_dataset/ground_truth/G0080_door_席位1_2025122_211338.txt,27.9,81,2,110.6,wav,Y,
G0081,door,door,experiments/golden_dataset/audio/G0081_door_席位1_2025122_211413.wav,experiments/golden_dataset/ground_truth/G0081_door_席位1_2025122_211413.txt,100.5,356,16,398.1,wav,Y,
G0082,control,control,experiments/golden_dataset/audio/G0082_control_席位1_2025122_211732.wav,experiments/golden_dataset/ground_truth/G0082_control_席位1_2025122_211732.txt,75.37,253,9,298.6,wav,Y,
G0083,door,door,experiments/golden_dataset/audio/G0083_door_席位1_2025122_211926.wav,experiments/golden_dataset/ground_truth/G0083_door_席位1_2025122_211926.txt,30.05,92,4,119.1,wav,Y,
